Episode,Reward,Avg10,Epsilon,UniqueStates
1,30.74204946996438,30.74204946996438,0.997,418
